<?xml version="1.0"?>
<doc>
    <assembly>
        <name>PageConstructor.API</name>
    </assembly>
    <members>
        <member name="M:PageConstructor.API.Controllers.FontsController.Get(PageConstructor.Application.Fonts.Queries.FontGetQuery,System.Threading.CancellationToken)">
            <summary>
            Retrieves all fonts
            </summary>
            <param name="fontGetQuery">Filtering and pagination.</param>
            <param name="cancellationToken">Request cancellation token.</param>
            <returns>List of fonts or no 204 No Content.</returns>
        </member>
        <member name="M:PageConstructor.API.Controllers.FontsController.GetFontById(System.Guid,System.Threading.CancellationToken)">
            <summary>
            Retrieves a font by its unique identifier.
            </summary>
            <param name="fontId">The unique identifier of the font to retrieve.</param>
            <param name="cancellationToken">Optional token to cancel the operation.</param>
            <returns>
            Returns <see cref="T:Microsoft.AspNetCore.Mvc.OkObjectResult"/> with the font details if found,  
            or <see cref="T:Microsoft.AspNetCore.Mvc.NotFoundResult"/> if the font does not exist.
            </returns>
        </member>
        <member name="M:PageConstructor.API.Controllers.FontsController.CreateFont(PageConstructor.Application.Fonts.Commands.FontCreateCommand,System.Threading.CancellationToken)">
            <summary>
            Creates a new font.
            </summary>
            <param name="command">The font creation command containing title, description, and other properties.</param>
            <param name="cancellationToken">Cancellation token to cancel the request.</param>
            <returns>
            Returns <see cref="T:Microsoft.AspNetCore.Mvc.OkObjectResult"/> with created font details if successful;  
            otherwise returns <see cref="T:Microsoft.AspNetCore.Mvc.BadRequestResult"/> if the creation failed.
            </returns>
            <response code="200">Font created successfully.</response>
            <response code="400">Invalid input or page creation failed.</response>
        </member>
        <member name="M:PageConstructor.API.Controllers.FontsController.UpdateFont(PageConstructor.Application.Fonts.Commands.FontUpdateCommand,System.Threading.CancellationToken)">
            <summary>
            Updates the existing font.
            </summary>
            <param name="command">The font updation command containing title, description, and other properties.</param>
            <param name="cancellationToken">Cancellation token to cancel the request.</param>
            <returns>
            Returns <see cref="T:Microsoft.AspNetCore.Mvc.OkObjectResult"/> with updated font details if successful;  
            otherwise returns <see cref="T:Microsoft.AspNetCore.Mvc.BadRequestResult"/> if the updation failed.
            </returns>
            <response code="200">Font updated successfully.</response>
            <response code="400">Invalid input or page updation failed.</response>
        </member>
        <member name="M:PageConstructor.API.Controllers.FontsController.Patch(PageConstructor.Application.Fonts.Commands.FontPatchCommand,System.Threading.CancellationToken)">
            <summary>
            Partially updates an existing font.
            </summary>
            <param name="command">The patch command containing updated fields.</param>
            <param name="cancellationToken">Cancellation token.</param>
            <returns>The updated Font data.</returns>
            <response code="200">Font patched successfully</response>
            <response code="400">Invalid data in patch request</response>
        </member>
        <member name="M:PageConstructor.API.Controllers.FontsController.DeleteFontById(System.Guid,System.Threading.CancellationToken)">
            <summary>
            Deletes a font by its unique identifier.
            </summary>
            <param name="fontId">The ID of the font to delete.</param>
            <param name="cancellationToken">Optional cancellation token.</param>
            <returns>200 OK if successful; otherwise, 400 Bad Request.</returns>
        </member>
        <member name="M:PageConstructor.API.Controllers.FontWeightsController.Get(PageConstructor.Application.Fonts.Queries.FontWeightGetQuery,System.Threading.CancellationToken)">
            <summary>
            Retrieves all font weights.
            </summary>
            <param name="fontWeightGetQuery">Filtering and pagination.</param>
            <param name="cancellationToken">Request cancellation token.</param>
            <returns>List of font weights or no 204 No Content.</returns>
        </member>
        <member name="M:PageConstructor.API.Controllers.FontWeightsController.GetBookById(System.Guid,System.Threading.CancellationToken)">
            <summary>
            Retrieves a fontWeight by its unique identifier.
            </summary>
            <param name="fontWeightId">The unique identifier of the fontWeight to retrieve.</param>
            <param name="cancellationToken">Optional token to cancel the operation.</param>
            <returns>
            Returns <see cref="T:Microsoft.AspNetCore.Mvc.OkObjectResult"/> with the fontWeight details if found,  
            or <see cref="T:Microsoft.AspNetCore.Mvc.NotFoundResult"/> if the fontWeight does not exist.
            </returns>
        </member>
        <member name="M:PageConstructor.API.Controllers.FontWeightsController.Create(PageConstructor.Application.Fonts.Commands.FontWeightCreateCommand,System.Threading.CancellationToken)">
            <summary>
            Creates a new fontWeight.
            </summary>
            <param name="command">The fontWeight creation command containing title, description, and other properties.</param>
            <param name="cancellationToken">Cancellation token to cancel the request.</param>
            <returns>
            Returns <see cref="T:Microsoft.AspNetCore.Mvc.OkObjectResult"/> with created fontWeight details if successful;  
            otherwise returns <see cref="T:Microsoft.AspNetCore.Mvc.BadRequestResult"/> if the creation failed.
            </returns>
            <response code="200">FontWeight created successfully.</response>
            <response code="400">Invalid input or page creation failed.</response>
        </member>
        <member name="M:PageConstructor.API.Controllers.FontWeightsController.Update(PageConstructor.Application.Fonts.Commands.FontWeightUpdateCommand,System.Threading.CancellationToken)">
            <summary>
            Updates the existing fontWeight.
            </summary>
            <param name="command">The fontWeight updation command containing title, description, and other properties.</param>
            <param name="cancellationToken">Cancellation token to cancel the request.</param>
            <returns>
            Returns <see cref="T:Microsoft.AspNetCore.Mvc.OkObjectResult"/> with updated fontWeight details if successful;  
            otherwise returns <see cref="T:Microsoft.AspNetCore.Mvc.BadRequestResult"/> if the updation failed.
            </returns>
            <response code="200">FontWeight updated successfully.</response>
            <response code="400">Invalid input or page updation failed.</response>
        </member>
        <member name="M:PageConstructor.API.Controllers.FontWeightsController.Patch(PageConstructor.Application.Fonts.Commands.FontWeightPatchCommand,System.Threading.CancellationToken)">
            <summary>
            Partially updates an existing fontWeight.
            </summary>
            <param name="command">The patch command containing updated fields.</param>
            <param name="cancellationToken">Cancellation token.</param>
            <returns>The updated FontWeight data.</returns>
            <response code="200">FontWeight patched successfully</response>
            <response code="400">Invalid data in patch request</response>
        </member>
        <member name="M:PageConstructor.API.Controllers.FontWeightsController.DeleteById(System.Guid,System.Threading.CancellationToken)">
            <summary>
            Deletes a font weight by its unique identifier.
            </summary>
            <param name="fontWeightId">The ID of the font weight to delete.</param>
            <param name="cancellationToken">Optional cancellation token.</param>
            <returns>200 OK if successful; otherwise, 400 Bad Request.</returns>
        </member>
        <member name="M:PageConstructor.API.Controllers.MetasController.Get(PageConstructor.Application.Metas.Queries.MetaGetQuery,System.Threading.CancellationToken)">
            <summary>
            Get all metas.
            </summary>
            <param name="metaGetQuery">Filtering and pagination.</param>
            <param name="cancellationToken">Request cancellation token.</param>
            <returns>List of metas or no 204 No Content.</returns>
        </member>
        <member name="M:PageConstructor.API.Controllers.MetasController.GetById(System.Guid,System.Threading.CancellationToken)">
            <summary>
            Retrieves a meta by its unique identifier.
            </summary>
            <param name="metaId">The unique identifier of the meta to retrieve.</param>
            <param name="cancellationToken">Optional token to cancel the operation.</param>
            <returns>
            Returns <see cref="T:Microsoft.AspNetCore.Mvc.OkObjectResult"/> with the meta details if found,  
            or <see cref="T:Microsoft.AspNetCore.Mvc.NotFoundResult"/> if the meta does not exist.
            </returns>
        </member>
        <member name="M:PageConstructor.API.Controllers.MetasController.Create(PageConstructor.Application.Metas.Commands.MetaCreateCommand,System.Threading.CancellationToken)">
            <summary>
            Creates a new meta.
            </summary>
            <param name="command">The meta creation command containing title, description, and other properties.</param>
            <param name="cancellationToken">Cancellation token to cancel the request.</param>
            <returns>
            Returns <see cref="T:Microsoft.AspNetCore.Mvc.OkObjectResult"/> with created meta details if successful;  
            otherwise returns <see cref="T:Microsoft.AspNetCore.Mvc.BadRequestResult"/> if the creation failed.
            </returns>
            <response code="200">Meta created successfully.</response>
            <response code="400">Invalid input or page creation failed.</response>
        </member>
        <member name="M:PageConstructor.API.Controllers.MetasController.Update(PageConstructor.Application.Metas.Commands.MetaUpdateCommand,System.Threading.CancellationToken)">
            <summary>
            Updates the existing meta.
            </summary>
            <param name="command">The meta updation command containing title, description, and other properties.</param>
            <param name="cancellationToken">Cancellation token to cancel the request.</param>
            <returns>
            Returns <see cref="T:Microsoft.AspNetCore.Mvc.OkObjectResult"/> with updated meta details if successful;  
            otherwise returns <see cref="T:Microsoft.AspNetCore.Mvc.BadRequestResult"/> if the updation failed.
            </returns>
            <response code="200">Meta updated successfully.</response>
            <response code="400">Invalid input or page updation failed.</response>
        </member>
        <member name="M:PageConstructor.API.Controllers.MetasController.Patch(PageConstructor.Application.Metas.Commands.MetaPatchCommand,System.Threading.CancellationToken)">
            <summary>
            Partially updates an existing meta.
            </summary>
            <param name="command">The patch command containing updated fields.</param>
            <param name="cancellationToken">Cancellation token.</param>
            <returns>The updated Meta data.</returns>
            <response code="200">Meta patched successfully</response>
            <response code="400">Invalid data in patch request</response>
        </member>
        <member name="M:PageConstructor.API.Controllers.MetasController.DeleteById(System.Guid,System.Threading.CancellationToken)">
            <summary>
            Deletes a meta tag by its unique identifier.
            </summary>
            <param name="metaId">The ID of the meta tag to delete.</param>
            <param name="cancellationToken">Optional cancellation token.</param>
            <returns>200 OK if successful; otherwise, 400 Bad Request.</returns>
        </member>
        <member name="M:PageConstructor.API.Controllers.PagesController.Get(PageConstructor.Application.Pages.Queries.PageGetQuery,System.Threading.CancellationToken)">
            <summary>
            Retrieves all pages.
            </summary>
            <param name="pageGetQuery">Filtering and pagination.</param>
            <param name="cancellationToken">Request cancellation token.</param>
            <returns>List of pages or no 204 No Content.</returns>
        </member>
        <member name="M:PageConstructor.API.Controllers.PagesController.GetById(System.Guid,System.Threading.CancellationToken)">
            <summary>
            Retrieves a page by its unique identifier.
            </summary>
            <param name="pageId">The unique identifier of the page to retrieve.</param>
            <param name="cancellationToken">Optional token to cancel the operation.</param>
            <returns>
            Returns <see cref="T:Microsoft.AspNetCore.Mvc.OkObjectResult"/> with the page details if found,  
            or <see cref="T:Microsoft.AspNetCore.Mvc.NotFoundResult"/> if the page does not exist.
            </returns>
        </member>
        <member name="M:PageConstructor.API.Controllers.PagesController.Create(PageConstructor.Application.Pages.Commands.PageCreateCommand,System.Threading.CancellationToken)">
            <summary>
            Creates a new page.
            </summary>
            <param name="command">The page creation command containing title, description, and other properties.</param>
            <param name="cancellationToken">Cancellation token to cancel the request.</param>
            <returns>
            Returns <see cref="T:Microsoft.AspNetCore.Mvc.OkObjectResult"/> with created page details if successful;  
            otherwise returns <see cref="T:Microsoft.AspNetCore.Mvc.BadRequestResult"/> if the creation failed.
            </returns>
            <response code="200">Page created successfully.</response>
            <response code="400">Invalid input or page creation failed.</response>
        </member>
        <member name="M:PageConstructor.API.Controllers.PagesController.Update(PageConstructor.Application.Pages.Commands.PageUpdateCommand,System.Threading.CancellationToken)">
            <summary>
            Updates the existing page.
            </summary>
            <param name="command">The page updation command containing title, description, and other properties.</param>
            <param name="cancellationToken">Cancellation token to cancel the request.</param>
            <returns>
            Returns <see cref="T:Microsoft.AspNetCore.Mvc.OkObjectResult"/> with updated page details if successful;  
            otherwise returns <see cref="T:Microsoft.AspNetCore.Mvc.BadRequestResult"/> if the updation failed.
            </returns>
            <response code="200">Page updated successfully.</response>
            <response code="400">Invalid input or page updation failed.</response>
        </member>
        <member name="M:PageConstructor.API.Controllers.PagesController.Patch(PageConstructor.Application.Pages.Commands.PagePatchCommand,System.Threading.CancellationToken)">
            <summary>
            Partially updates an existing page.
            </summary>
            <param name="command">The patch command containing updated fields.</param>
            <param name="cancellationToken">Cancellation token.</param>
            <returns>The updated page data.</returns>
            <response code="200">Page patched successfully</response>
            <response code="400">Invalid data in patch request</response>
        </member>
        <member name="M:PageConstructor.API.Controllers.PagesController.DeleteById(System.Guid,System.Threading.CancellationToken)">
            <summary>
            Deletes a page by its unique identifier.
            </summary>
            <param name="pageId">The ID of the page to delete.</param>
            <param name="cancellationToken">Optional cancellation token.</param>
            <returns>200 OK if successful; otherwise, 400 Bad Request.</returns>
        </member>
        <member name="M:PageConstructor.API.Controllers.ScriptsController.Get(PageConstructor.Application.Scripts.Queries.ScriptGetQuery,System.Threading.CancellationToken)">
            <summary>
            Get all scripts.
            </summary>
            <param name="scriptGetQuery">Filtering and pagination.</param>
            <param name="cancellationToken">Request cancellation token.</param>
            <returns>List of scripts or no 204 No Content.</returns>
        </member>
        <member name="M:PageConstructor.API.Controllers.ScriptsController.GetBookById(System.Guid,System.Threading.CancellationToken)">
            <summary>
            Retrieves a script by its unique identifier.
            </summary>
            <param name="scriptId">The unique identifier of the script to retrieve.</param>
            <param name="cancellationToken">Optional token to cancel the operation.</param>
            <returns>
            Returns <see cref="T:Microsoft.AspNetCore.Mvc.OkObjectResult"/> with the script details if found,  
            or <see cref="T:Microsoft.AspNetCore.Mvc.NotFoundResult"/> if the script does not exist.
            </returns>
        </member>
        <member name="M:PageConstructor.API.Controllers.ScriptsController.Create(PageConstructor.Application.Scripts.Commands.ScriptCreateCommand,System.Threading.CancellationToken)">
            <summary>
            Creates a new script.
            </summary>
            <param name="command">The script creation command containing title, description, and other properties.</param>
            <param name="cancellationToken">Cancellation token to cancel the request.</param>
            <returns>
            Returns <see cref="T:Microsoft.AspNetCore.Mvc.OkObjectResult"/> with created fontWeight details if successful;  
            otherwise returns <see cref="T:Microsoft.AspNetCore.Mvc.BadRequestResult"/> if the script failed.
            </returns>
            <response code="200">Script created successfully.</response>
            <response code="400">Invalid input or page creation failed.</response>
        </member>
        <member name="M:PageConstructor.API.Controllers.ScriptsController.Update(PageConstructor.Application.Scripts.Commands.ScriptUpdateCommand,System.Threading.CancellationToken)">
            <summary>
            Updates the existing script.
            </summary>
            <param name="command">The script updation command containing title, description, and other properties.</param>
            <param name="cancellationToken">Cancellation token to cancel the request.</param>
            <returns>
            Returns <see cref="T:Microsoft.AspNetCore.Mvc.OkObjectResult"/> with updated script details if successful;  
            otherwise returns <see cref="T:Microsoft.AspNetCore.Mvc.BadRequestResult"/> if the updation failed.
            </returns>
            <response code="200">Script updated successfully.</response>
            <response code="400">Invalid input or page updation failed.</response>
        </member>
        <member name="M:PageConstructor.API.Controllers.ScriptsController.Patch(PageConstructor.Application.Scripts.Commands.ScriptPatchCommand,System.Threading.CancellationToken)">
            <summary>
            Partially updates an existing script.
            </summary>
            <param name="command">The patch command containing updated fields.</param>
            <param name="cancellationToken">Cancellation token.</param>
            <returns>The updated Script data.</returns>
            <response code="200">Script patched successfully</response>
            <response code="400">Invalid data in patch request</response>
        </member>
        <member name="M:PageConstructor.API.Controllers.ScriptsController.DeleteById(System.Guid,System.Threading.CancellationToken)">
            <summary>
            Deletes a script by its unique identifier.
            </summary>
            <param name="scriptId">The ID of the script to delete.</param>
            <param name="cancellationToken">Optional cancellation token.</param>
            <returns>200 OK if successful; otherwise, 400 Bad Request.</returns>
        </member>
    </members>
</doc>
