<?xml version="1.0"?>
<doc>
    <assembly>
        <name>PageConstructor.API</name>
    </assembly>
    <members>
        <member name="M:PageConstructor.API.Controllers.BlocksController.Get(PageConstructor.Application.Blocks.Queries.BlockGetQuery,System.Threading.CancellationToken)">
            <summary>
            Retrieves all blocks.
            </summary>
            <param name="blockGetQuery">Filtering and pagination.</param>
            <param name="cancellationToken">Request cancellation token.</param>
            <returns>List of blocks or no 204 No Content.</returns>
        </member>
        <member name="M:PageConstructor.API.Controllers.BlocksController.GetById(System.Guid,System.Threading.CancellationToken)">
            <summary>
            Retrieves a block by its unique identifier.
            </summary>
            <param name="blockId">The unique identifier of the block to retrieve.</param>
            <param name="cancellationToken">Optional token to cancel the operation.</param>
            <returns>
            Returns <see cref="T:Microsoft.AspNetCore.Mvc.OkObjectResult"/> with the block details if found,  
            or <see cref="T:Microsoft.AspNetCore.Mvc.NotFoundResult"/> if the block does not exist.
            </returns>
        </member>
        <member name="M:PageConstructor.API.Controllers.BlocksController.Create(PageConstructor.Application.Blocks.Commands.BlockCreateCommand,System.Threading.CancellationToken)">
            <summary>
            Creates a new block.
            </summary>
            <param name="command">The block creation command containing title, description, and other properties.</param>
            <param name="cancellationToken">Cancellation token to cancel the request.</param>
            <returns>
            Returns <see cref="T:Microsoft.AspNetCore.Mvc.OkObjectResult"/> with created block details if successful;  
            otherwise returns <see cref="T:Microsoft.AspNetCore.Mvc.BadRequestResult"/> if the creation failed.
            </returns>
            <response code="200">Block created successfully.</response>
            <response code="400">Invalid input or block creation failed.</response>
        </member>
        <member name="M:PageConstructor.API.Controllers.BlocksController.Update(PageConstructor.Application.Blocks.Commands.BlockUpdateCommand,System.Threading.CancellationToken)">
            <summary>
            Updates the existing block.
            </summary>
            <param name="command">The block updation command containing title, description, and other properties.</param>
            <param name="cancellationToken">Cancellation token to cancel the request.</param>
            <returns>
            Returns <see cref="T:Microsoft.AspNetCore.Mvc.OkObjectResult"/> with updated block details if successful;  
            otherwise returns <see cref="T:Microsoft.AspNetCore.Mvc.BadRequestResult"/> if the updation failed.
            </returns>
            <response code="200">Block updated successfully.</response>
            <response code="400">Invalid input or block updation failed.</response>
        </member>
        <member name="M:PageConstructor.API.Controllers.BlocksController.Patch(PageConstructor.Application.Blocks.Commands.BlockPatchCommand,System.Threading.CancellationToken)">
            <summary>
            Partially updates an existing block.
            </summary>
            <param name="command">The patch command containing updated fields.</param>
            <param name="cancellationToken">Cancellation token.</param>
            <returns>The updated block data.</returns>
            <response code="200">Block patched successfully</response>
            <response code="400">Invalid data in patch request</response>
        </member>
        <member name="M:PageConstructor.API.Controllers.BlocksController.DeleteById(System.Guid,System.Threading.CancellationToken)">
            <summary>
            Deletes a block by its unique identifier.
            </summary>
            <param name="blockId">The ID of the block to delete.</param>
            <param name="cancellationToken">Optional cancellation token.</param>
            <returns>200 OK if successful; otherwise, 400 Bad Request.</returns>
        </member>
        <member name="M:PageConstructor.API.Controllers.BlocksController.UploadPreview(PageConstructor.Application.Blocks.Services.IFileUploadService,PageConstructor.Application.Blocks.Models.BlockImageUploadDto)">
            <summary>
            Uploads a preview image for a block and returns the file URL.
            </summary>
            <param name="uploadService">The file upload service (injected).</param>
            <param name="dto">The dto model where there is file to upload.</param>
            <returns>A URL pointing to the uploaded image.</returns>
            <response code="200">File uploaded successfully</response>
            <response code="400">No file was uploaded or file is empty</response>
            <response code="500">An unexpected error occurred while uploading</response>
        </member>
        <member name="M:PageConstructor.API.Controllers.FontsController.Get(PageConstructor.Application.Fonts.Queries.FontGetQuery,System.Threading.CancellationToken)">
            <summary>
            Retrieves all fonts
            </summary>
            <param name="fontGetQuery">Filtering and pagination.</param>
            <param name="cancellationToken">Request cancellation token.</param>
            <returns>List of fonts or no 204 No Content.</returns>
        </member>
        <member name="M:PageConstructor.API.Controllers.FontsController.GetFontById(System.Guid,System.Threading.CancellationToken)">
            <summary>
            Retrieves a font by its unique identifier.
            </summary>
            <param name="fontId">The unique identifier of the font to retrieve.</param>
            <param name="cancellationToken">Optional token to cancel the operation.</param>
            <returns>
            Returns <see cref="T:Microsoft.AspNetCore.Mvc.OkObjectResult"/> with the font details if found,  
            or <see cref="T:Microsoft.AspNetCore.Mvc.NotFoundResult"/> if the font does not exist.
            </returns>
        </member>
        <member name="M:PageConstructor.API.Controllers.FontsController.CreateFont(PageConstructor.Application.Fonts.Commands.FontCreateCommand,System.Threading.CancellationToken)">
            <summary>
            Creates a new font.
            </summary>
            <param name="command">The font creation command containing title, description, and other properties.</param>
            <param name="cancellationToken">Cancellation token to cancel the request.</param>
            <returns>
            Returns <see cref="T:Microsoft.AspNetCore.Mvc.OkObjectResult"/> with created font details if successful;  
            otherwise returns <see cref="T:Microsoft.AspNetCore.Mvc.BadRequestResult"/> if the creation failed.
            </returns>
            <response code="200">Font created successfully.</response>
            <response code="400">Invalid input or page creation failed.</response>
        </member>
        <member name="M:PageConstructor.API.Controllers.FontsController.UpdateFont(PageConstructor.Application.Fonts.Commands.FontUpdateCommand,System.Threading.CancellationToken)">
            <summary>
            Updates the existing font.
            </summary>
            <param name="command">The font updation command containing title, description, and other properties.</param>
            <param name="cancellationToken">Cancellation token to cancel the request.</param>
            <returns>
            Returns <see cref="T:Microsoft.AspNetCore.Mvc.OkObjectResult"/> with updated font details if successful;  
            otherwise returns <see cref="T:Microsoft.AspNetCore.Mvc.BadRequestResult"/> if the updation failed.
            </returns>
            <response code="200">Font updated successfully.</response>
            <response code="400">Invalid input or page updation failed.</response>
        </member>
        <member name="M:PageConstructor.API.Controllers.FontsController.Patch(PageConstructor.Application.Fonts.Commands.FontPatchCommand,System.Threading.CancellationToken)">
            <summary>
            Partially updates an existing font.
            </summary>
            <param name="command">The patch command containing updated fields.</param>
            <param name="cancellationToken">Cancellation token.</param>
            <returns>The updated Font data.</returns>
            <response code="200">Font patched successfully</response>
            <response code="400">Invalid data in patch request</response>
        </member>
        <member name="M:PageConstructor.API.Controllers.FontsController.DeleteFontById(System.Guid,System.Threading.CancellationToken)">
            <summary>
            Deletes a font by its unique identifier.
            </summary>
            <param name="fontId">The ID of the font to delete.</param>
            <param name="cancellationToken">Optional cancellation token.</param>
            <returns>200 OK if successful; otherwise, 400 Bad Request.</returns>
        </member>
        <member name="M:PageConstructor.API.Controllers.FontsController.GetGoogleFonts(PageConstructor.Application.Fonts.Services.IGoogleFontsService,System.String,System.String,System.String,System.String,System.String,System.String,PageConstructor.Domain.Common.Queries.FilterPagination,System.Threading.CancellationToken)">
            <summary>
            Retrieves Google Fonts with optional filters.
            Search.
            Family: exact font family (e.g., "Roboto").
            Subset: character subset ("latin", "cyrillic").
            Sort: alpha, date, popularity, style, trending.
            Category: serif, sans-serif, monospace, display, handwriting.
            Capability: woff2, vf.
            </summary>
        </member>
        <member name="M:PageConstructor.API.Controllers.FontWeightsController.Get(PageConstructor.Application.Fonts.Queries.FontWeightGetQuery,System.Threading.CancellationToken)">
            <summary>
            Retrieves all font weights.
            </summary>
            <param name="fontWeightGetQuery">Filtering and pagination.</param>
            <param name="cancellationToken">Request cancellation token.</param>
            <returns>List of font weights or no 204 No Content.</returns>
        </member>
        <member name="M:PageConstructor.API.Controllers.FontWeightsController.GetBookById(System.Guid,System.Threading.CancellationToken)">
            <summary>
            Retrieves a fontWeight by its unique identifier.
            </summary>
            <param name="fontWeightId">The unique identifier of the fontWeight to retrieve.</param>
            <param name="cancellationToken">Optional token to cancel the operation.</param>
            <returns>
            Returns <see cref="T:Microsoft.AspNetCore.Mvc.OkObjectResult"/> with the fontWeight details if found,  
            or <see cref="T:Microsoft.AspNetCore.Mvc.NotFoundResult"/> if the fontWeight does not exist.
            </returns>
        </member>
        <member name="M:PageConstructor.API.Controllers.FontWeightsController.Create(PageConstructor.Application.Fonts.Commands.FontWeightCreateCommand,System.Threading.CancellationToken)">
            <summary>
            Creates a new fontWeight.
            </summary>
            <param name="command">The fontWeight creation command containing title, description, and other properties.</param>
            <param name="cancellationToken">Cancellation token to cancel the request.</param>
            <returns>
            Returns <see cref="T:Microsoft.AspNetCore.Mvc.OkObjectResult"/> with created fontWeight details if successful;  
            otherwise returns <see cref="T:Microsoft.AspNetCore.Mvc.BadRequestResult"/> if the creation failed.
            </returns>
            <response code="200">FontWeight created successfully.</response>
            <response code="400">Invalid input or page creation failed.</response>
        </member>
        <member name="M:PageConstructor.API.Controllers.FontWeightsController.Update(PageConstructor.Application.Fonts.Commands.FontWeightUpdateCommand,System.Threading.CancellationToken)">
            <summary>
            Updates the existing fontWeight.
            </summary>
            <param name="command">The fontWeight updation command containing title, description, and other properties.</param>
            <param name="cancellationToken">Cancellation token to cancel the request.</param>
            <returns>
            Returns <see cref="T:Microsoft.AspNetCore.Mvc.OkObjectResult"/> with updated fontWeight details if successful;  
            otherwise returns <see cref="T:Microsoft.AspNetCore.Mvc.BadRequestResult"/> if the updation failed.
            </returns>
            <response code="200">FontWeight updated successfully.</response>
            <response code="400">Invalid input or page updation failed.</response>
        </member>
        <member name="M:PageConstructor.API.Controllers.FontWeightsController.Patch(PageConstructor.Application.Fonts.Commands.FontWeightPatchCommand,System.Threading.CancellationToken)">
            <summary>
            Partially updates an existing fontWeight.
            </summary>
            <param name="command">The patch command containing updated fields.</param>
            <param name="cancellationToken">Cancellation token.</param>
            <returns>The updated FontWeight data.</returns>
            <response code="200">FontWeight patched successfully</response>
            <response code="400">Invalid data in patch request</response>
        </member>
        <member name="M:PageConstructor.API.Controllers.FontWeightsController.DeleteById(System.Guid,System.Threading.CancellationToken)">
            <summary>
            Deletes a font weight by its unique identifier.
            </summary>
            <param name="fontWeightId">The ID of the font weight to delete.</param>
            <param name="cancellationToken">Optional cancellation token.</param>
            <returns>200 OK if successful; otherwise, 400 Bad Request.</returns>
        </member>
        <member name="M:PageConstructor.API.Controllers.FontWeightsController.GetFontWeights(PageConstructor.Application.Fonts.Services.IGoogleFontsService,System.String,System.Threading.CancellationToken)">
            <summary>
            Retrieves available font weights for a specific Google Font family.
            Example: /api/fonts/google/weights?family=Roboto
            </summary>
        </member>
        <member name="M:PageConstructor.API.Controllers.MetasController.Get(PageConstructor.Application.Metas.Queries.MetaGetQuery,System.Threading.CancellationToken)">
            <summary>
            Get all metas.
            </summary>
            <param name="metaGetQuery">Filtering and pagination.</param>
            <param name="cancellationToken">Request cancellation token.</param>
            <returns>List of metas or no 204 No Content.</returns>
        </member>
        <member name="M:PageConstructor.API.Controllers.MetasController.GetById(System.Guid,System.Threading.CancellationToken)">
            <summary>
            Retrieves a meta by its unique identifier.
            </summary>
            <param name="metaId">The unique identifier of the meta to retrieve.</param>
            <param name="cancellationToken">Optional token to cancel the operation.</param>
            <returns>
            Returns <see cref="T:Microsoft.AspNetCore.Mvc.OkObjectResult"/> with the meta details if found,  
            or <see cref="T:Microsoft.AspNetCore.Mvc.NotFoundResult"/> if the meta does not exist.
            </returns>
        </member>
        <member name="M:PageConstructor.API.Controllers.MetasController.Create(PageConstructor.Application.Metas.Commands.MetaCreateCommand,System.Threading.CancellationToken)">
            <summary>
            Creates a new meta.
            </summary>
            <param name="command">The meta creation command containing title, description, and other properties.</param>
            <param name="cancellationToken">Cancellation token to cancel the request.</param>
            <returns>
            Returns <see cref="T:Microsoft.AspNetCore.Mvc.OkObjectResult"/> with created meta details if successful;  
            otherwise returns <see cref="T:Microsoft.AspNetCore.Mvc.BadRequestResult"/> if the creation failed.
            </returns>
            <response code="200">Meta created successfully.</response>
            <response code="400">Invalid input or page creation failed.</response>
        </member>
        <member name="M:PageConstructor.API.Controllers.MetasController.Update(PageConstructor.Application.Metas.Commands.MetaUpdateCommand,System.Threading.CancellationToken)">
            <summary>
            Updates the existing meta.
            </summary>
            <param name="command">The meta updation command containing title, description, and other properties.</param>
            <param name="cancellationToken">Cancellation token to cancel the request.</param>
            <returns>
            Returns <see cref="T:Microsoft.AspNetCore.Mvc.OkObjectResult"/> with updated meta details if successful;  
            otherwise returns <see cref="T:Microsoft.AspNetCore.Mvc.BadRequestResult"/> if the updation failed.
            </returns>
            <response code="200">Meta updated successfully.</response>
            <response code="400">Invalid input or page updation failed.</response>
        </member>
        <member name="M:PageConstructor.API.Controllers.MetasController.Patch(PageConstructor.Application.Metas.Commands.MetaPatchCommand,System.Threading.CancellationToken)">
            <summary>
            Partially updates an existing meta.
            </summary>
            <param name="command">The patch command containing updated fields.</param>
            <param name="cancellationToken">Cancellation token.</param>
            <returns>The updated Meta data.</returns>
            <response code="200">Meta patched successfully</response>
            <response code="400">Invalid data in patch request</response>
        </member>
        <member name="M:PageConstructor.API.Controllers.MetasController.DeleteById(System.Guid,System.Threading.CancellationToken)">
            <summary>
            Deletes a meta tag by its unique identifier.
            </summary>
            <param name="metaId">The ID of the meta tag to delete.</param>
            <param name="cancellationToken">Optional cancellation token.</param>
            <returns>200 OK if successful; otherwise, 400 Bad Request.</returns>
        </member>
        <member name="M:PageConstructor.API.Controllers.PagesController.Get(PageConstructor.Application.Pages.Queries.PageGetQuery,System.Threading.CancellationToken)">
            <summary>
            Retrieves all pages.
            </summary>
            <param name="pageGetQuery">Filtering and pagination.</param>
            <param name="cancellationToken">Request cancellation token.</param>
            <returns>List of pages or no 204 No Content.</returns>
        </member>
        <member name="M:PageConstructor.API.Controllers.PagesController.GetById(System.Guid,System.Threading.CancellationToken)">
            <summary>
            Retrieves a page by its unique identifier.
            </summary>
            <param name="pageId">The unique identifier of the page to retrieve.</param>
            <param name="cancellationToken">Optional token to cancel the operation.</param>
            <returns>
            Returns <see cref="T:Microsoft.AspNetCore.Mvc.OkObjectResult"/> with the page details if found,  
            or <see cref="T:Microsoft.AspNetCore.Mvc.NotFoundResult"/> if the page does not exist.
            </returns>
        </member>
        <member name="M:PageConstructor.API.Controllers.PagesController.GetByProjectId(System.Guid,System.Threading.CancellationToken)">
            <summary>
            Retrieves a page by its project id.
            </summary>
            <param name="projectId">The unique identifier of the project to retrieve.</param>
            <param name="cancellationToken">Optional token to cancel the operation.</param>
            <returns>List of pages or no 204 No Content.</returns>
        </member>
        <member name="M:PageConstructor.API.Controllers.PagesController.Create(PageConstructor.Application.Pages.Commands.PageCreateCommand,System.Threading.CancellationToken)">
            <summary>
            Creates a new page.
            </summary>
            <param name="command">The page creation command containing title, description, and other properties.</param>
            <param name="cancellationToken">Cancellation token to cancel the request.</param>
            <returns>
            Returns <see cref="T:Microsoft.AspNetCore.Mvc.OkObjectResult"/> with created page details if successful;  
            otherwise returns <see cref="T:Microsoft.AspNetCore.Mvc.BadRequestResult"/> if the creation failed.
            </returns>
            <response code="200">Page created successfully.</response>
            <response code="400">Invalid input or page creation failed.</response>
        </member>
        <member name="M:PageConstructor.API.Controllers.PagesController.Update(PageConstructor.Application.Pages.Commands.PageUpdateCommand,System.Threading.CancellationToken)">
            <summary>
            Updates the existing page.
            </summary>
            <param name="command">The page updation command containing title, description, and other properties.</param>
            <param name="cancellationToken">Cancellation token to cancel the request.</param>
            <returns>
            Returns <see cref="T:Microsoft.AspNetCore.Mvc.OkObjectResult"/> with updated page details if successful;  
            otherwise returns <see cref="T:Microsoft.AspNetCore.Mvc.BadRequestResult"/> if the updation failed.
            </returns>
            <response code="200">Page updated successfully.</response>
            <response code="400">Invalid input or page updation failed.</response>
        </member>
        <member name="M:PageConstructor.API.Controllers.PagesController.Patch(PageConstructor.Application.Pages.Commands.PagePatchCommand,System.Threading.CancellationToken)">
            <summary>
            Partially updates an existing page.
            </summary>
            <param name="command">The patch command containing updated fields.</param>
            <param name="cancellationToken">Cancellation token.</param>
            <returns>The updated page data.</returns>
            <response code="200">Page patched successfully</response>
            <response code="400">Invalid data in patch request</response>
        </member>
        <member name="M:PageConstructor.API.Controllers.PagesController.DeleteById(System.Guid,System.Threading.CancellationToken)">
            <summary>
            Deletes a page by its unique identifier.
            </summary>
            <param name="pageId">The ID of the page to delete.</param>
            <param name="cancellationToken">Optional cancellation token.</param>
            <returns>200 OK if successful; otherwise, 400 Bad Request.</returns>
        </member>
        <member name="M:PageConstructor.API.Controllers.ProjectsController.Get(PageConstructor.Application.Projects.Queries.ProjectGetQuery,System.Threading.CancellationToken)">
            <summary>
            Retrieves all projects.
            </summary>
            <param name="projectGetQuery">Filtering and pagination.</param>
            <param name="cancellationToken">Request cancellation token.</param>
            <returns>List of projects or no 204 No Content.</returns>
        </member>
        <member name="M:PageConstructor.API.Controllers.ProjectsController.GetById(System.Guid,System.Threading.CancellationToken)">
            <summary>
            Retrieves a project by its unique identifier.
            </summary>
            <param name="projectId">The unique identifier of the project to retrieve.</param>
            <param name="cancellationToken">Optional token to cancel the operation.</param>
            <returns>
            Returns <see cref="T:Microsoft.AspNetCore.Mvc.OkObjectResult"/> with the project details if found,  
            or <see cref="T:Microsoft.AspNetCore.Mvc.NotFoundResult"/> if the project does not exist.
            </returns>
        </member>
        <member name="M:PageConstructor.API.Controllers.ProjectsController.Create(PageConstructor.Application.Projects.Commands.ProjectCreateCommand,System.Threading.CancellationToken)">
            <summary>
            Creates a new project.
            </summary>
            <param name="command">The project creation command containing title, description, and other properties.</param>
            <param name="cancellationToken">Cancellation token to cancel the request.</param>
            <returns>
            Returns <see cref="T:Microsoft.AspNetCore.Mvc.OkObjectResult"/> with created project details if successful;  
            otherwise returns <see cref="T:Microsoft.AspNetCore.Mvc.BadRequestResult"/> if the creation failed.
            </returns>
            <response code="200">Project created successfully.</response>
            <response code="400">Invalid input or project creation failed.</response>
        </member>
        <member name="M:PageConstructor.API.Controllers.ProjectsController.Update(PageConstructor.Application.Projects.Commands.ProjectUpdateCommand,System.Threading.CancellationToken)">
            <summary>
            Updates the existing project.
            </summary>
            <param name="command">The project updation command containing title, description, and other properties.</param>
            <param name="cancellationToken">Cancellation token to cancel the request.</param>
            <returns>
            Returns <see cref="T:Microsoft.AspNetCore.Mvc.OkObjectResult"/> with updated project details if successful;  
            otherwise returns <see cref="T:Microsoft.AspNetCore.Mvc.BadRequestResult"/> if the updation failed.
            </returns>
            <response code="200">Project updated successfully.</response>
            <response code="400">Invalid input or project updation failed.</response>
        </member>
        <member name="M:PageConstructor.API.Controllers.ProjectsController.Patch(PageConstructor.Application.Projects.Commands.ProjectPatchCommand,System.Threading.CancellationToken)">
            <summary>
            Partially updates an existing project.
            </summary>
            <param name="command">The patch command containing updated fields.</param>
            <param name="cancellationToken">Cancellation token.</param>
            <returns>The updated project data.</returns>
            <response code="200">Project patched successfully</response>
            <response code="400">Invalid data in patch request</response>
        </member>
        <member name="M:PageConstructor.API.Controllers.ProjectsController.DeleteById(System.Guid,System.Threading.CancellationToken)">
            <summary>
            Deletes a project by its unique identifier.
            </summary>
            <param name="projectId">The ID of the project to delete.</param>
            <param name="cancellationToken">Optional cancellation token.</param>
            <returns>200 OK if successful; otherwise, 400 Bad Request.</returns>
        </member>
        <member name="M:PageConstructor.API.Controllers.ScriptsController.Get(PageConstructor.Application.Scripts.Queries.ScriptGetQuery,System.Threading.CancellationToken)">
            <summary>
            Get all scripts.
            </summary>
            <param name="scriptGetQuery">Filtering and pagination.</param>
            <param name="cancellationToken">Request cancellation token.</param>
            <returns>List of scripts or no 204 No Content.</returns>
        </member>
        <member name="M:PageConstructor.API.Controllers.ScriptsController.GetBookById(System.Guid,System.Threading.CancellationToken)">
            <summary>
            Retrieves a script by its unique identifier.
            </summary>
            <param name="scriptId">The unique identifier of the script to retrieve.</param>
            <param name="cancellationToken">Optional token to cancel the operation.</param>
            <returns>
            Returns <see cref="T:Microsoft.AspNetCore.Mvc.OkObjectResult"/> with the script details if found,  
            or <see cref="T:Microsoft.AspNetCore.Mvc.NotFoundResult"/> if the script does not exist.
            </returns>
        </member>
        <member name="M:PageConstructor.API.Controllers.ScriptsController.Create(PageConstructor.Application.Scripts.Commands.ScriptCreateCommand,System.Threading.CancellationToken)">
            <summary>
            Creates a new script.
            </summary>
            <param name="command">The script creation command containing title, description, and other properties.</param>
            <param name="cancellationToken">Cancellation token to cancel the request.</param>
            <returns>
            Returns <see cref="T:Microsoft.AspNetCore.Mvc.OkObjectResult"/> with created fontWeight details if successful;  
            otherwise returns <see cref="T:Microsoft.AspNetCore.Mvc.BadRequestResult"/> if the script failed.
            </returns>
            <response code="200">Script created successfully.</response>
            <response code="400">Invalid input or page creation failed.</response>
        </member>
        <member name="M:PageConstructor.API.Controllers.ScriptsController.Update(PageConstructor.Application.Scripts.Commands.ScriptUpdateCommand,System.Threading.CancellationToken)">
            <summary>
            Updates the existing script.
            </summary>
            <param name="command">The script updation command containing title, description, and other properties.</param>
            <param name="cancellationToken">Cancellation token to cancel the request.</param>
            <returns>
            Returns <see cref="T:Microsoft.AspNetCore.Mvc.OkObjectResult"/> with updated script details if successful;  
            otherwise returns <see cref="T:Microsoft.AspNetCore.Mvc.BadRequestResult"/> if the updation failed.
            </returns>
            <response code="200">Script updated successfully.</response>
            <response code="400">Invalid input or page updation failed.</response>
        </member>
        <member name="M:PageConstructor.API.Controllers.ScriptsController.Patch(PageConstructor.Application.Scripts.Commands.ScriptPatchCommand,System.Threading.CancellationToken)">
            <summary>
            Partially updates an existing script.
            </summary>
            <param name="command">The patch command containing updated fields.</param>
            <param name="cancellationToken">Cancellation token.</param>
            <returns>The updated Script data.</returns>
            <response code="200">Script patched successfully</response>
            <response code="400">Invalid data in patch request</response>
        </member>
        <member name="M:PageConstructor.API.Controllers.ScriptsController.DeleteById(System.Guid,System.Threading.CancellationToken)">
            <summary>
            Deletes a script by its unique identifier.
            </summary>
            <param name="scriptId">The ID of the script to delete.</param>
            <param name="cancellationToken">Optional cancellation token.</param>
            <returns>200 OK if successful; otherwise, 400 Bad Request.</returns>
        </member>
    </members>
</doc>
