{
  "Version": 1,
  "ManifestType": "Publish",
  "Endpoints": [
    {
      "Route": "uploads/blocks/f86039ea-1e5e-4ebd-8d76-4bc407ee745e.g6emmhj1xq.png",
      "AssetFile": "uploads/blocks/f86039ea-1e5e-4ebd-8d76-4bc407ee745e.png",
      "Selectors": [],
      "ResponseHeaders": [
        {
          "Name": "Accept-Ranges",
          "Value": "bytes"
        },
        {
          "Name": "Cache-Control",
          "Value": "max-age=31536000, immutable"
        },
        {
          "Name": "Content-Length",
          "Value": "1294198"
        },
        {
          "Name": "Content-Type",
          "Value": "image/png"
        },
        {
          "Name": "ETag",
          "Value": "\"SBsOhqaB6aUhUD2kGOB90qX3yeOUqRysLxXBLzAbCb8=\""
        },
        {
          "Name": "Last-Modified",
          "Value": "Sat, 28 Jun 2025 08:03:37 GMT"
        }
      ],
      "EndpointProperties": [
        {
          "Name": "fingerprint",
          "Value": "g6emmhj1xq"
        },
        {
          "Name": "integrity",
          "Value": "sha256-SBsOhqaB6aUhUD2kGOB90qX3yeOUqRysLxXBLzAbCb8="
        },
        {
          "Name": "label",
          "Value": "uploads/blocks/f86039ea-1e5e-4ebd-8d76-4bc407ee745e.png"
        }
      ]
    },
    {
      "Route": "uploads/blocks/f86039ea-1e5e-4ebd-8d76-4bc407ee745e.png",
      "AssetFile": "uploads/blocks/f86039ea-1e5e-4ebd-8d76-4bc407ee745e.png",
      "Selectors": [],
      "ResponseHeaders": [
        {
          "Name": "Accept-Ranges",
          "Value": "bytes"
        },
        {
          "Name": "Cache-Control",
          "Value": "max-age=3600, must-revalidate"
        },
        {
          "Name": "Content-Length",
          "Value": "1294198"
        },
        {
          "Name": "Content-Type",
          "Value": "image/png"
        },
        {
          "Name": "ETag",
          "Value": "\"SBsOhqaB6aUhUD2kGOB90qX3yeOUqRysLxXBLzAbCb8=\""
        },
        {
          "Name": "Last-Modified",
          "Value": "Sat, 28 Jun 2025 08:03:37 GMT"
        }
      ],
      "EndpointProperties": [
        {
          "Name": "integrity",
          "Value": "sha256-SBsOhqaB6aUhUD2kGOB90qX3yeOUqRysLxXBLzAbCb8="
        }
      ]
    }
  ]
}